product_id,category,unit_price,active_flag
CP0001,Electronics,435.76,1
CP0002,Grocery,294.76,1
CP0003,Home,65.87,1
CP0004,Home,90.32,1
CP0005,Grocery,153.89,1
CP0006,Home,162.74,1
CP0007,Grocery,417.56,1
CP0008,Grocery,8.51,1
CP0009,Fashion,129.37,1
CP0010,Electronics,303.85,1
CP0011,Fashion,321.36,1
CP0012,Fashion,8.61,1
CP0013,Grocery,379.99,1
CP0014,Fashion,207.84,1
CP0015,Electronics,32.68,1
CP0016,Fashion,234.1,0
CP0017,Home,144.56,1
CP0018,Home,90.76,1
CP0019,Fashion,380.74,1
CP0020,Fashion,424.13,1
CP0021,Grocery,190.46,1
CP0022,Home,178.51,1
CP0023,Electronics,128.69,1
CP0024,Electronics,68.19,1
CP0025,Grocery,147.69,1
CP0026,Electronics,349.01,1
CP0027,Electronics,168.68,1
CP0028,Fashion,383.9,1
CP0029,Electronics,218.05,1
CP0030,Electronics,151.67,1
CP0031,Electronics,261.77,1
CP0032,Electronics,289.88,1
CP0033,Grocery,449.88,1
CP0034,Grocery,41.18,1
CP0035,Fashion,196.28,1
CP0036,Home,272.34,1
CP0037,Grocery,178.51,1
CP0038,Fashion,104.12,1
CP0039,Electronics,59.66,0
CP0040,Electronics,444.16,1
CP0041,Grocery,90.4,0
CP0042,Grocery,476.36,1
CP0043,Electronics,170.58,1
CP0044,Home,388.45,1
CP0045,Grocery,279.83,1
CP0046,Electronics,115.72,1
CP0047,Home,381.0,0
CP0048,Grocery,298.42,1
CP0049,Electronics,476.83,1
CP0050,Home,351.73,1
CP0051,Fashion,51.14,1
CP0052,Home,457.34,1
CP0053,Electronics,29.02,1
CP0054,Electronics,30.72,1
CP0055,Fashion,267.28,1
CP0056,Grocery,357.8,1
CP0057,Fashion,437.78,1
CP0058,Home,44.25,1
CP0059,Grocery,226.64,1
CP0060,Electronics,349.62,1
CP0061,Electronics,174.08,0
CP0062,Home,292.32,0
CP0063,Home,348.06,1
CP0064,Grocery,272.14,1
CP0065,Home,229.55,0
CP0066,Electronics,142.92,1
CP0067,Home,34.83,1
CP0068,Grocery,472.12,0
CP0069,Fashion,37.88,1
CP0070,Grocery,100.66,1
CP0071,Home,364.61,1
CP0072,Electronics,410.68,1
CP0073,Home,426.37,1
CP0074,Fashion,159.83,1
CP0075,Fashion,374.81,1
CP0076,Home,98.64,1
CP0077,Fashion,452.72,1
CP0078,Fashion,450.26,1
CP0079,Fashion,362.34,1
CP0080,Grocery,347.41,1
CP0081,Grocery,417.58,1
CP0082,Grocery,28.84,1
CP0083,Electronics,415.91,1
CP0084,Electronics,425.26,1
CP0085,Home,275.94,1
CP0086,Grocery,357.52,1
CP0087,Home,112.17,1
CP0088,Fashion,444.82,1
CP0089,Electronics,320.1,1
CP0090,Electronics,443.48,1
CP0091,Home,307.82,1
CP0092,Fashion,445.08,1
CP0093,Fashion,295.33,1
CP0094,Grocery,429.58,1
CP0095,Electronics,476.65,1
CP0096,Fashion,86.9,1
CP0097,Fashion,388.13,0
CP0098,Home,446.24,1
CP0099,Grocery,212.01,1
CP0100,Electronics,390.13,1
CP0101,Fashion,117.91,1
CP0102,Grocery,14.5,1
CP0103,Grocery,35.51,1
CP0104,Grocery,336.96,1
CP0105,Fashion,393.14,1
CP0106,Home,248.31,1
CP0107,Electronics,393.83,1
CP0108,Fashion,488.25,1
CP0109,Home,450.77,1
CP0110,Grocery,403.22,1
CP0111,Home,154.0,0
CP0112,Home,335.7,1
CP0113,Home,315.37,1
CP0114,Fashion,364.27,1
CP0115,Electronics,378.66,1
CP0116,Home,428.03,1
CP0117,Electronics,210.4,1
CP0118,Grocery,242.08,0
CP0119,Electronics,426.01,1
CP0120,Grocery,22.21,1
CP0121,Electronics,331.45,1
CP0122,Fashion,33.22,1
CP0123,Home,101.25,1
CP0124,Electronics,406.53,1
CP0125,Electronics,392.43,0
CP0126,Grocery,388.46,1
CP0127,Electronics,344.3,1
CP0128,Grocery,236.35,1
CP0129,Home,135.74,1
CP0130,Electronics,6.66,1
CP0131,Electronics,31.2,1
CP0132,Electronics,205.2,1
CP0133,Grocery,222.75,1
CP0134,Electronics,314.47,1
CP0135,Grocery,147.12,1
CP0136,Home,247.73,1
CP0137,Fashion,493.4,1
CP0138,Grocery,89.29,1
CP0139,Home,163.09,1
CP0140,Fashion,499.04,1
CP0141,Home,440.23,1
CP0142,Home,110.66,1
CP0143,Electronics,276.23,1
CP0144,Electronics,399.53,1
CP0145,Electronics,112.41,1
CP0146,Home,43.09,0
CP0147,Fashion,397.04,1
CP0148,Home,19.94,1
CP0149,Fashion,225.34,1
CP0150,Home,285.24,1
CP0151,Fashion,16.52,1
CP0152,Grocery,289.95,1
CP0153,Home,59.46,1
CP0154,Home,418.08,1
CP0155,Electronics,165.23,1
CP0156,Fashion,347.59,1
CP0157,Electronics,398.1,1
CP0158,Fashion,380.97,1
CP0159,Electronics,287.12,1
CP0160,Grocery,366.34,1
CP0161,Electronics,367.93,1
CP0162,Fashion,368.2,0
CP0163,Electronics,487.55,0
CP0164,Grocery,269.33,1
CP0165,Grocery,323.08,1
CP0166,Fashion,434.07,0
CP0167,Grocery,312.24,1
CP0168,Electronics,233.55,1
CP0169,Grocery,374.64,1
CP0170,Electronics,178.12,1
CP0171,Fashion,354.42,1
CP0172,Fashion,170.44,1
CP0173,Fashion,37.7,1
CP0174,Electronics,202.58,1
CP0175,Grocery,323.91,1
CP0176,Fashion,483.56,1
CP0177,Home,247.78,1
CP0178,Grocery,153.04,1
CP0179,Electronics,117.53,1
CP0180,Electronics,350.98,1
CP0181,Grocery,329.72,1
CP0182,Electronics,474.27,1
CP0183,Electronics,216.0,1
CP0184,Fashion,128.73,0
CP0185,Fashion,133.58,1
CP0186,Home,47.42,1
CP0187,Home,63.01,1
CP0188,Fashion,113.99,1
CP0189,Grocery,338.32,1
CP0190,Electronics,492.32,1
CP0191,Fashion,208.61,1
CP0192,Grocery,33.0,1
CP0193,Grocery,211.52,1
CP0194,Grocery,361.92,1
CP0195,Electronics,315.93,1
CP0196,Electronics,63.71,1
CP0197,Electronics,239.9,1
CP0198,Fashion,12.78,1
CP0199,Electronics,321.31,1
CP0200,Electronics,289.51,1
CP0201,Electronics,488.91,1
CP0202,Grocery,348.37,1
CP0203,Electronics,405.34,0
CP0204,Electronics,91.53,1
CP0205,Home,74.82,1
CP0206,Grocery,476.22,1
CP0207,Grocery,130.15,1
CP0208,Electronics,191.7,1
CP0209,Home,289.36,1
CP0210,Home,68.44,1
CP0211,Grocery,146.94,1
CP0212,Grocery,302.55,1
CP0213,Electronics,276.72,1
CP0214,Electronics,29.94,1
CP0215,Home,166.71,1
CP0216,Fashion,379.07,1
CP0217,Fashion,183.84,1
CP0218,Grocery,101.94,1
CP0219,Fashion,79.4,1
CP0220,Home,27.14,1
CP0221,Fashion,128.73,1
CP0222,Home,51.16,1
CP0223,Home,185.9,1
CP0224,Home,165.33,1
CP0225,Grocery,350.09,1
CP0226,Electronics,49.92,1
CP0227,Home,315.29,1
CP0228,Electronics,82.21,0
CP0229,Grocery,103.82,1
CP0230,Grocery,25.91,1
CP0231,Electronics,234.48,1
CP0232,Grocery,138.22,1
CP0233,Fashion,206.1,1
CP0234,Electronics,397.59,1
CP0235,Fashion,361.75,1
CP0236,Electronics,303.85,0
CP0237,Fashion,484.57,1
CP0238,Home,387.88,1
CP0239,Fashion,126.77,1
CP0240,Grocery,390.67,1
CP0241,Grocery,127.22,0
CP0242,Home,171.87,1
CP0243,Grocery,37.34,1
CP0244,Home,203.53,1
CP0245,Grocery,145.49,0
CP0246,Grocery,213.42,0
CP0247,Grocery,50.31,1
CP0248,Fashion,407.51,1
CP0249,Electronics,118.47,1
CP0250,Electronics,189.54,1
CP0251,Home,57.07,1
CP0252,Home,293.01,1
CP0253,Grocery,270.84,0
CP0254,Fashion,11.13,1
CP0255,Home,135.95,1
CP0256,Fashion,339.66,1
CP0257,Home,295.18,1
CP0258,Electronics,16.23,1
CP0259,Home,216.08,1
CP0260,Home,225.47,1
CP0261,Fashion,218.75,1
CP0262,Electronics,496.7,1
CP0263,Electronics,372.73,1
CP0264,Home,35.07,1
CP0265,Fashion,333.04,1
CP0266,Electronics,99.7,1
CP0267,Electronics,348.85,1
CP0268,Electronics,471.45,1
CP0269,Home,487.73,1
CP0270,Fashion,355.01,1
CP0271,Electronics,265.35,0
CP0272,Home,170.57,1
CP0273,Fashion,46.88,1
CP0274,Home,450.97,1
CP0275,Electronics,119.14,1
CP0276,Fashion,385.4,1
CP0277,Fashion,291.6,1
CP0278,Electronics,241.96,1
CP0279,Fashion,222.35,1
CP0280,Grocery,466.51,1
CP0281,Fashion,369.92,1
CP0282,Electronics,35.2,1
CP0283,Grocery,371.16,1
CP0284,Home,410.19,1
CP0285,Fashion,267.41,1
CP0286,Electronics,73.08,1
CP0287,Home,23.87,1
CP0288,Electronics,471.33,1
CP0289,Grocery,75.47,1
CP0290,Grocery,37.98,1
CP0291,Electronics,83.69,1
CP0292,Fashion,22.0,1
CP0293,Fashion,351.71,1
CP0294,Grocery,260.37,1
CP0295,Grocery,346.36,1
CP0296,Fashion,117.67,1
CP0297,Grocery,293.7,1
CP0298,Home,183.72,1
CP0299,Fashion,443.53,1
CP0300,Grocery,105.17,1
CP0301,Home,477.73,0
CP0302,Grocery,475.93,1
CP0303,Electronics,197.42,1
CP0304,Grocery,323.21,1
CP0305,Home,166.77,1
CP0306,Home,484.41,1
CP0307,Electronics,451.21,1
CP0308,Home,389.65,1
CP0309,Home,379.56,1
CP0310,Electronics,320.22,1
CP0311,Grocery,108.98,1
CP0312,Home,325.59,0
CP0313,Electronics,434.65,1
CP0314,Grocery,212.26,1
CP0315,Grocery,403.72,1
CP0316,Electronics,175.27,1
CP0317,Home,450.32,1
CP0318,Electronics,210.51,1
CP0319,Grocery,264.31,1
CP0320,Home,5.36,1
CP0321,Home,480.12,1
CP0322,Electronics,433.13,0
CP0323,Electronics,383.71,1
CP0324,Home,44.26,1
CP0325,Home,400.94,1
CP0326,Electronics,318.71,1
CP0327,Fashion,141.1,1
CP0328,Electronics,181.76,1
CP0329,Fashion,426.3,1
CP0330,Grocery,406.24,1
CP0331,Home,460.61,1
CP0332,Home,226.04,1
CP0333,Grocery,101.68,0
CP0334,Grocery,422.47,0
CP0335,Electronics,152.32,1
CP0336,Grocery,128.16,1
CP0337,Fashion,398.52,1
CP0338,Home,353.21,1
CP0339,Fashion,43.24,1
CP0340,Grocery,30.22,1
CP0341,Grocery,467.64,1
CP0342,Grocery,385.52,1
CP0343,Electronics,489.98,1
CP0344,Fashion,444.62,1
CP0345,Grocery,121.33,1
CP0346,Home,20.6,0
CP0347,Grocery,243.37,1
CP0348,Home,320.83,1
CP0349,Grocery,119.43,1
CP0350,Grocery,87.73,0
CP0351,Grocery,319.22,1
CP0352,Grocery,470.21,1
CP0353,Grocery,248.72,1
CP0354,Home,198.29,1
CP0355,Electronics,317.7,1
CP0356,Electronics,446.55,1
CP0357,Grocery,410.84,1
CP0358,Fashion,333.74,1
CP0359,Grocery,277.37,1
CP0360,Grocery,298.06,1
CP0361,Grocery,255.26,1
CP0362,Grocery,50.7,1
CP0363,Electronics,85.84,1
CP0364,Home,177.42,1
CP0365,Fashion,26.52,1
CP0366,Electronics,495.97,0
CP0367,Electronics,128.75,1
CP0368,Electronics,417.09,0
CP0369,Grocery,143.04,1
CP0370,Electronics,349.47,1
CP0371,Grocery,29.81,1
CP0372,Grocery,109.68,1
CP0373,Electronics,348.28,1
CP0374,Home,384.01,1
CP0375,Grocery,198.93,1
CP0376,Fashion,44.33,0
CP0377,Fashion,307.37,1
CP0378,Electronics,418.03,1
CP0379,Grocery,266.79,1
CP0380,Grocery,405.96,1
CP0381,Home,203.11,1
CP0382,Grocery,465.78,1
CP0383,Grocery,97.18,1
CP0384,Home,456.77,0
CP0385,Home,463.04,1
CP0386,Home,230.16,1
CP0387,Grocery,138.34,1
CP0388,Electronics,371.23,1
CP0389,Fashion,185.51,1
CP0390,Grocery,166.74,1
CP0391,Home,79.27,1
CP0392,Fashion,384.7,1
CP0393,Home,495.74,1
CP0394,Electronics,208.45,1
CP0395,Electronics,106.92,1
CP0396,Electronics,236.59,1
CP0397,Grocery,361.52,1
CP0398,Fashion,182.95,0
CP0399,Electronics,449.85,0
CP0400,Home,27.42,1
CP0401,Fashion,434.5,0
CP0402,Electronics,389.86,1
CP0403,Home,155.19,1
CP0404,Grocery,337.68,1
CP0405,Fashion,426.69,1
CP0406,Home,78.95,1
CP0407,Fashion,41.51,1
CP0408,Home,384.75,1
CP0409,Home,30.37,1
CP0410,Fashion,362.18,1
CP0411,Electronics,153.78,1
CP0412,Grocery,367.7,1
CP0413,Electronics,260.91,1
CP0414,Fashion,211.01,1
CP0415,Grocery,44.41,1
CP0416,Fashion,479.51,1
CP0417,Electronics,161.93,1
CP0418,Electronics,187.15,1
CP0419,Home,300.95,1
CP0420,Grocery,96.1,0
CP0421,Fashion,170.12,1
CP0422,Fashion,445.26,1
CP0423,Electronics,484.58,0
CP0424,Grocery,325.64,1
CP0425,Electronics,210.16,1
CP0426,Electronics,484.25,1
CP0427,Fashion,107.77,1
CP0428,Fashion,72.25,1
CP0429,Electronics,274.35,1
CP0430,Electronics,71.68,1
CP0431,Grocery,425.2,0
CP0432,Home,209.57,1
CP0433,Home,150.37,1
CP0434,Electronics,50.61,1
CP0435,Fashion,357.38,1
CP0436,Electronics,382.01,1
CP0437,Home,110.58,0
CP0438,Fashion,156.59,1
CP0439,Fashion,366.36,1
CP0440,Grocery,44.21,1
CP0441,Electronics,245.0,1
CP0442,Fashion,198.9,1
CP0443,Home,157.13,1
CP0444,Electronics,221.45,1
CP0445,Fashion,438.99,1
CP0446,Electronics,209.76,1
CP0447,Home,135.18,1
CP0448,Grocery,333.79,1
CP0449,Home,251.51,1
CP0450,Electronics,341.41,1
CP0451,Grocery,68.74,1
CP0452,Electronics,111.84,1
CP0453,Fashion,245.37,1
CP0454,Home,216.38,1
CP0455,Fashion,161.54,1
CP0456,Electronics,449.58,1
CP0457,Electronics,388.35,1
CP0458,Electronics,231.19,1
CP0459,Grocery,29.4,1
CP0460,Fashion,457.73,1
CP0461,Home,286.82,1
CP0462,Grocery,331.32,0
CP0463,Home,218.16,1
CP0464,Grocery,229.79,1
CP0465,Home,107.01,1
CP0466,Home,220.02,1
CP0467,Grocery,369.23,1
CP0468,Fashion,202.58,1
CP0469,Fashion,40.73,1
CP0470,Grocery,258.64,1
CP0471,Grocery,114.18,1
CP0472,Fashion,65.31,1
CP0473,Home,470.31,1
CP0474,Grocery,221.78,0
CP0475,Home,189.04,1
CP0476,Grocery,444.62,1
CP0477,Home,250.29,1
CP0478,Electronics,62.7,1
CP0479,Electronics,359.32,1
CP0480,Fashion,106.62,1
CP0481,Home,376.47,1
CP0482,Fashion,42.54,1
CP0483,Grocery,52.08,1
CP0484,Grocery,147.43,1
CP0485,Fashion,221.17,1
CP0486,Electronics,133.14,1
CP0487,Home,189.62,0
CP0488,Electronics,427.05,1
CP0489,Grocery,226.75,1
CP0490,Grocery,254.77,1
CP0491,Home,348.99,1
CP0492,Electronics,139.84,1
CP0493,Grocery,143.48,0
CP0494,Grocery,106.58,1
CP0495,Fashion,204.63,1
CP0496,Fashion,313.33,1
CP0497,Grocery,387.15,1
CP0498,Home,420.34,1
CP0499,Electronics,360.7,1
CP0500,Electronics,372.92,1
CP0501,Electronics,65.24,1
CP0502,Electronics,313.64,1
CP0503,Home,486.25,1
CP0504,Grocery,355.8,1
CP0505,Home,123.33,0
CP0506,Home,129.83,1
CP0507,Grocery,316.66,1
CP0508,Home,424.71,1
CP0509,Fashion,345.11,1
CP0510,Electronics,223.23,1
CP0511,Fashion,228.47,1
CP0512,Electronics,229.86,1
CP0513,Grocery,130.1,1
CP0514,Fashion,190.43,1
CP0515,Electronics,433.21,1
CP0516,Grocery,111.19,1
CP0517,Grocery,498.39,1
CP0518,Electronics,130.47,1
CP0519,Grocery,276.99,1
CP0520,Home,157.84,1
CP0521,Grocery,270.88,1
CP0522,Fashion,94.5,1
CP0523,Electronics,181.24,0
CP0524,Home,371.5,1
CP0525,Grocery,222.85,0
CP0526,Electronics,11.83,1
CP0527,Electronics,86.33,1
CP0528,Home,130.91,1
CP0529,Electronics,44.77,1
CP0530,Home,224.81,1
CP0531,Fashion,301.1,1
CP0532,Grocery,116.2,1
CP0533,Home,459.25,1
CP0534,Grocery,376.87,0
CP0535,Electronics,358.36,1
CP0536,Fashion,442.64,1
CP0537,Electronics,221.6,1
CP0538,Electronics,278.76,1
CP0539,Grocery,138.65,1
CP0540,Grocery,335.29,1
CP0541,Fashion,296.74,1
CP0542,Home,15.7,0
CP0543,Fashion,56.43,1
CP0544,Home,152.51,1
CP0545,Home,283.35,1
CP0546,Electronics,241.28,1
CP0547,Fashion,11.55,1
CP0548,Fashion,183.05,1
CP0549,Grocery,421.14,1
CP0550,Grocery,344.23,1
CP0551,Home,404.24,1
CP0552,Home,490.69,1
CP0553,Electronics,140.06,1
CP0554,Electronics,423.21,1
CP0555,Home,188.23,1
CP0556,Grocery,137.98,1
CP0557,Electronics,419.01,1
CP0558,Grocery,103.92,0
CP0559,Electronics,347.38,1
CP0560,Fashion,12.09,1
CP0561,Fashion,449.68,1
CP0562,Home,342.97,1
CP0563,Grocery,121.72,1
CP0564,Fashion,347.8,1
CP0565,Electronics,340.96,1
CP0566,Electronics,452.71,1
CP0567,Fashion,170.71,1
CP0568,Electronics,323.63,1
CP0569,Home,288.27,1
CP0570,Grocery,182.54,1
CP0571,Home,478.46,1
CP0572,Home,469.2,1
CP0573,Home,442.22,1
CP0574,Home,482.36,1
CP0575,Grocery,10.6,1
CP0576,Fashion,209.67,1
CP0577,Fashion,126.71,1
CP0578,Home,488.21,1
CP0579,Home,315.82,1
CP0580,Grocery,15.69,1
CP0581,Fashion,348.23,1
CP0582,Electronics,266.3,1
CP0583,Electronics,404.89,1
CP0584,Home,421.69,1
CP0585,Fashion,370.29,1
CP0586,Electronics,48.55,1
CP0587,Fashion,195.07,1
CP0588,Fashion,424.71,1
CP0589,Electronics,310.06,1
CP0590,Grocery,324.82,1
CP0591,Fashion,106.42,1
CP0592,Fashion,185.03,1
CP0593,Grocery,106.76,0
CP0594,Electronics,83.13,1
CP0595,Electronics,359.27,1
CP0596,Electronics,81.51,1
CP0597,Grocery,82.56,1
CP0598,Electronics,180.38,0
CP0599,Fashion,57.36,1
CP0600,Fashion,79.87,1
CP0601,Fashion,353.65,1
CP0602,Electronics,451.57,0
CP0603,Fashion,219.93,1
CP0604,Home,258.2,1
CP0605,Grocery,325.33,1
CP0606,Electronics,25.7,1
CP0607,Electronics,297.38,1
CP0608,Grocery,411.87,1
CP0609,Grocery,408.51,1
CP0610,Grocery,300.64,1
CP0611,Home,142.97,1
CP0612,Grocery,79.29,1
CP0613,Fashion,418.47,1
CP0614,Home,51.88,1
CP0615,Grocery,82.05,1
CP0616,Home,188.19,1
CP0617,Home,45.1,1
CP0618,Fashion,218.08,1
CP0619,Fashion,95.64,1
CP0620,Home,316.55,1
CP0621,Home,121.14,1
CP0622,Electronics,465.48,1
CP0623,Electronics,222.68,1
CP0624,Electronics,272.9,1
CP0625,Fashion,416.05,1
CP0626,Grocery,470.5,0
CP0627,Fashion,342.53,0
CP0628,Grocery,228.7,1
CP0629,Home,114.91,1
CP0630,Electronics,235.47,1
CP0631,Home,495.73,1
CP0632,Home,25.03,0
CP0633,Electronics,89.37,1
CP0634,Home,341.76,1
CP0635,Electronics,234.93,1
CP0636,Home,314.44,1
CP0637,Electronics,276.21,1
CP0638,Electronics,19.82,0
CP0639,Home,394.49,1
CP0640,Electronics,8.29,1
CP0641,Fashion,175.85,1
CP0642,Fashion,35.99,1
CP0643,Home,161.68,1
CP0644,Electronics,37.24,1
CP0645,Grocery,42.26,1
CP0646,Electronics,256.17,1
CP0647,Home,220.69,1
CP0648,Electronics,313.87,1
CP0649,Home,396.26,1
CP0650,Fashion,371.25,1
CP0651,Electronics,365.15,1
CP0652,Grocery,462.12,1
CP0653,Home,324.9,0
CP0654,Grocery,394.3,1
CP0655,Home,249.33,1
CP0656,Fashion,458.83,1
CP0657,Fashion,481.14,1
CP0658,Grocery,21.96,1
CP0659,Fashion,305.99,1
CP0660,Home,481.86,1
CP0661,Grocery,384.75,1
CP0662,Grocery,99.01,1
CP0663,Grocery,308.02,1
CP0664,Home,381.93,1
CP0665,Home,50.76,1
CP0666,Electronics,200.5,1
CP0667,Electronics,238.4,0
CP0668,Grocery,297.31,1
CP0669,Grocery,276.28,1
CP0670,Home,232.58,1
CP0671,Home,261.49,1
CP0672,Grocery,20.89,1
CP0673,Electronics,377.02,1
CP0674,Fashion,494.76,1
CP0675,Fashion,454.44,1
CP0676,Fashion,147.76,1
CP0677,Fashion,68.64,0
CP0678,Grocery,460.45,1
CP0679,Fashion,84.14,1
CP0680,Home,46.89,1
CP0681,Fashion,318.08,1
CP0682,Fashion,81.0,0
CP0683,Fashion,482.81,1
CP0684,Fashion,145.42,1
CP0685,Grocery,252.11,1
CP0686,Grocery,448.49,1
CP0687,Fashion,172.23,1
CP0688,Electronics,140.15,1
CP0689,Home,67.48,1
CP0690,Grocery,207.68,1
CP0691,Grocery,275.26,1
CP0692,Grocery,188.09,0
CP0693,Grocery,480.07,1
CP0694,Home,274.51,1
CP0695,Grocery,331.92,1
CP0696,Electronics,432.42,0
CP0697,Electronics,300.73,1
CP0698,Fashion,393.68,1
CP0699,Home,410.02,1
CP0700,Grocery,254.38,1
CP0701,Fashion,281.16,1
CP0702,Electronics,354.58,1
CP0703,Electronics,254.44,1
CP0704,Fashion,110.73,1
CP0705,Grocery,438.18,1
CP0706,Home,181.77,1
CP0707,Grocery,399.19,1
CP0708,Fashion,354.71,1
CP0709,Electronics,435.49,1
CP0710,Home,64.49,1
CP0711,Grocery,370.34,1
CP0712,Grocery,100.32,1
CP0713,Electronics,77.99,1
CP0714,Home,257.14,1
CP0715,Electronics,203.93,1
CP0716,Grocery,235.9,1
CP0717,Home,208.65,1
CP0718,Grocery,5.86,0
CP0719,Electronics,424.1,1
CP0720,Grocery,78.96,1
CP0721,Electronics,217.81,1
CP0722,Home,480.29,1
CP0723,Electronics,72.76,1
CP0724,Electronics,193.69,1
CP0725,Fashion,298.5,1
CP0726,Grocery,272.16,1
CP0727,Fashion,97.89,1
CP0728,Fashion,7.55,1
CP0729,Grocery,115.33,1
CP0730,Grocery,236.94,1
CP0731,Fashion,119.12,1
CP0732,Home,53.19,1
CP0733,Electronics,224.03,1
CP0734,Electronics,497.02,1
CP0735,Fashion,359.54,0
CP0736,Electronics,28.59,1
CP0737,Electronics,426.72,1
CP0738,Electronics,77.97,1
CP0739,Electronics,143.51,1
CP0740,Grocery,120.91,1
CP0741,Fashion,306.63,0
CP0742,Grocery,237.48,1
CP0743,Electronics,337.03,1
CP0744,Home,284.52,1
CP0745,Grocery,329.23,1
CP0746,Home,52.5,1
CP0747,Home,455.85,1
CP0748,Home,44.58,1
CP0749,Fashion,384.35,1
CP0750,Fashion,169.15,1
CP0751,Fashion,447.65,1
CP0752,Grocery,440.59,1
CP0753,Fashion,205.68,0
CP0754,Electronics,132.76,1
CP0755,Grocery,422.17,1
CP0756,Home,420.06,1
CP0757,Fashion,346.95,1
CP0758,Grocery,7.89,1
CP0759,Grocery,254.02,1
CP0760,Home,224.24,1
CP0761,Home,245.15,1
CP0762,Grocery,353.02,1
CP0763,Home,201.86,1
CP0764,Home,390.41,1
CP0765,Fashion,129.14,1
CP0766,Fashion,206.37,1
CP0767,Fashion,341.85,0
CP0768,Fashion,197.08,0
CP0769,Grocery,264.83,1
CP0770,Fashion,40.78,1
CP0771,Electronics,437.17,1
CP0772,Home,449.7,0
CP0773,Home,344.29,1
CP0774,Electronics,380.86,1
CP0775,Electronics,303.46,1
CP0776,Grocery,403.34,1
CP0777,Fashion,493.47,1
CP0778,Grocery,122.63,1
CP0779,Fashion,174.96,1
CP0780,Grocery,70.88,1
CP0781,Home,132.34,1
CP0782,Grocery,159.5,1
CP0783,Grocery,235.79,0
CP0784,Grocery,232.03,1
CP0785,Fashion,260.22,1
CP0786,Fashion,425.44,1
CP0787,Grocery,467.36,1
CP0788,Electronics,223.11,1
CP0789,Fashion,240.28,1
CP0790,Home,197.42,0
CP0791,Electronics,42.17,1
CP0792,Fashion,68.98,1
CP0793,Fashion,461.74,1
CP0794,Electronics,256.39,1
CP0795,Grocery,490.01,1
CP0796,Electronics,236.74,1
CP0797,Fashion,429.45,1
CP0798,Electronics,339.5,1
CP0799,Fashion,490.07,1
CP0800,Grocery,244.68,1
